1,Meeting 1 Test,Far Far Away,11/10/2020 11:34:00,11/10/2020 11:44:00,10 min.,Elsa Duncan: 11630816
,,,,,,Sandy Grant: 12638001
,,,,,,Allan Johnstone: 20806981
,,,,,,Elsa Duncan: 11630816
,,,,,,Chloe Walker: 27584059
,,,,,,Luka Gibson: 31951484
,,,,,,
1,Meeting 1 Test,Far Far Away,11/10/2020 11:34:00,11/10/2020 11:44:00,10 min.,Elsa Duncan: 11630816
,,,,,,Sandy Grant: 12638001
,,,,,,Allan Johnstone: 20806981
,,,,,,Elsa Duncan: 11630816
,,,,,,Chloe Walker: 27584059
,,,,,,Luka Gibson: 31951484
,,,,,,
1,Meeting 1 Test,Far Far Away,11/10/2020 11:34:00,11/10/2020 11:44:00,10 min.,Elsa Duncan: 11630816
,,,,,,Sandy Grant: 12638001
,,,,,,Allan Johnstone: 20806981
,,,,,,Elsa Duncan: 11630816
,,,,,,Chloe Walker: 27584059
,,,,,,Luka Gibson: 31951484
,,,,,,
1,Meeting 1 Test,Far Far Away,11/10/2020 11:34:00,11/10/2020 11:44:00,10 min.,Elsa Duncan: 11630816
,,,,,,Sandy Grant: 12638001
,,,,,,Allan Johnstone: 20806981
,,,,,,Elsa Duncan: 11630816
,,,,,,Chloe Walker: 27584059
,,,,,,Luka Gibson: 31951484
,,,,,,
1,Meeting 1 Test,Far Far Away,11/10/2020 11:34:00,11/10/2020 11:44:00,10 min.,Elsa Duncan: 11630816
,,,,,,Sandy Grant: 12638001
,,,,,,Allan Johnstone: 20806981
,,,,,,Elsa Duncan: 11630816
,,,,,,Chloe Walker: 27584059
,,,,,,Luka Gibson: 31951484
,,,,,,
1,Meeting 1 Test,Far Far Away,11/10/2020 11:34:00,11/10/2020 11:44:00,10 min.,Elsa Duncan: 11630816
,,,,,,Sandy Grant: 12638001
,,,,,,Allan Johnstone: 20806981
,,,,,,Elsa Duncan: 11630816
,,,,,,Chloe Walker: 27584059
,,,,,,Luka Gibson: 31951484
,,,,,,
4,testmeeting3,Hundred Acre Wood,11/11/2020 15:30:28,11/11/2020 15:45:28,15 min.,Elsa Duncan: 11630816
,,,,,,Luka Gibson: 31951484
,,,,,,Elsie Black: 38277039
,,,,,,
4,testmeeting3,Hundred Acre Wood,11/11/2020 15:30:28,11/11/2020 15:45:28,15 min.,Elsa Duncan: 11630816
,,,,,,Luka Gibson: 31951484
,,,,,,Elsie Black: 38277039
,,,,,,
4,testmeeting3,Hundred Acre Wood,11/11/2020 15:30:28,11/11/2020 15:45:28,15 min.,Elsa Duncan: 11630816
,,,,,,Luka Gibson: 31951484
,,,,,,Elsie Black: 38277039
,,,,,,
5,testmeeting4,Narnia,11/11/2020 16:00:00,11/11/2020 16:20:00,20 min.,Elsa Duncan: 11630816
,,,,,,Natan Hamilton: 28875222
,,,,,,Angel Kelly: 55375417
,,,,,,Brooklyn Douglas: 50125210
,,,,,,
5,testmeeting4,Narnia,11/11/2020 16:00:00,11/11/2020 16:20:00,20 min.,Elsa Duncan: 11630816
,,,,,,Natan Hamilton: 28875222
,,,,,,Angel Kelly: 55375417
,,,,,,Brooklyn Douglas: 50125210
,,,,,,
5,testmeeting4,Narnia,11/11/2020 16:00:00,11/11/2020 16:20:00,20 min.,Elsa Duncan: 11630816
,,,,,,Natan Hamilton: 28875222
,,,,,,Angel Kelly: 55375417
,,,,,,Brooklyn Douglas: 50125210
,,,,,,
5,testmeeting4,Narnia,11/11/2020 16:00:00,11/11/2020 16:20:00,20 min.,Elsa Duncan: 11630816
,,,,,,Natan Hamilton: 28875222
,,,,,,Angel Kelly: 55375417
,,,,,,Brooklyn Douglas: 50125210
,,,,,,
6,meeting test 6,Hogwarts,12/11/2020 15:00:00,12/11/2020 15:40:00,40 min.,Elsa Duncan: 11630816
,,,,,,Eloise Wood: 70579719
,,,,,,Brooklyn Douglas: 50125210
,,,,,,Elsie Black: 38277039
,,,,,,
6,meeting test 6,Hogwarts,12/11/2020 15:00:00,12/11/2020 15:40:00,40 min.,Elsa Duncan: 11630816
,,,,,,Eloise Wood: 70579719
,,,,,,Brooklyn Douglas: 50125210
,,,,,,Elsie Black: 38277039
,,,,,,
6,meeting test 6,Hogwarts,12/11/2020 15:00:00,12/11/2020 15:40:00,40 min.,Elsa Duncan: 11630816
,,,,,,Eloise Wood: 70579719
,,,,,,Brooklyn Douglas: 50125210
,,,,,,Elsie Black: 38277039
,,,,,,
6,meeting test 6,Hogwarts,12/11/2020 15:00:00,12/11/2020 15:40:00,40 min.,Elsa Duncan: 11630816
,,,,,,Eloise Wood: 70579719
,,,,,,Brooklyn Douglas: 50125210
,,,,,,Elsie Black: 38277039
,,,,,,
7,Test Meeting 7,Hogwarts,12/11/2020 16:00:00,12/11/2020 16:30:00,30 min.,Elsa Duncan: 11630816
,,,,,,Carrie Walker: 66794806
,,,,,,Nathan Hay: 78602723
,,,,,,Toby McLean: 82968199
,,,,,,
7,Test Meeting 7,Hogwarts,12/11/2020 16:00:00,12/11/2020 16:30:00,30 min.,Elsa Duncan: 11630816
,,,,,,Carrie Walker: 66794806
,,,,,,Nathan Hay: 78602723
,,,,,,Toby McLean: 82968199
,,,,,,
7,Test Meeting 7,Hogwarts,12/11/2020 16:00:00,12/11/2020 16:30:00,30 min.,Elsa Duncan: 11630816
,,,,,,Carrie Walker: 66794806
,,,,,,Nathan Hay: 78602723
,,,,,,Toby McLean: 82968199
,,,,,,
7,Test Meeting 7,Hogwarts,12/11/2020 16:00:00,12/11/2020 16:30:00,30 min.,Elsa Duncan: 11630816
,,,,,,Carrie Walker: 66794806
,,,,,,Nathan Hay: 78602723
,,,,,,Toby McLean: 82968199
,,,,,,
8,Coffee chat,Hundred Acre Wood,25/11/2020 14:00:00,25/11/2020 14:20:00,20 min.,Elsa Duncan: 11630816
,,,,,,Mirin Burns: 44646137
,,,,,,Fearne Cunningham: 47669629
,,,,,,Brooklyn Douglas: 50125210
,,,,,,Murron Hunter: 51702313
,,,,,,Angel Kelly: 55375417
,,,,,,Alice Sinclair: 58104704
,,,,,,
8,Coffee chat,Hundred Acre Wood,25/11/2020 14:00:00,25/11/2020 14:20:00,20 min.,Elsa Duncan: 11630816
,,,,,,Mirin Burns: 44646137
,,,,,,Fearne Cunningham: 47669629
,,,,,,Brooklyn Douglas: 50125210
,,,,,,Murron Hunter: 51702313
,,,,,,Angel Kelly: 55375417
,,,,,,Alice Sinclair: 58104704
,,,,,,
8,Coffee chat,Hundred Acre Wood,25/11/2020 14:00:00,25/11/2020 14:20:00,20 min.,Elsa Duncan: 11630816
,,,,,,Mirin Burns: 44646137
,,,,,,Fearne Cunningham: 47669629
,,,,,,Brooklyn Douglas: 50125210
,,,,,,Murron Hunter: 51702313
,,,,,,Angel Kelly: 55375417
,,,,,,Alice Sinclair: 58104704
,,,,,,
8,Coffee chat,Hundred Acre Wood,25/11/2020 14:00:00,25/11/2020 14:20:00,20 min.,Elsa Duncan: 11630816
,,,,,,Mirin Burns: 44646137
,,,,,,Fearne Cunningham: 47669629
,,,,,,Brooklyn Douglas: 50125210
,,,,,,Murron Hunter: 51702313
,,,,,,Angel Kelly: 55375417
,,,,,,Alice Sinclair: 58104704
,,,,,,
8,Coffee chat,Hundred Acre Wood,25/11/2020 14:00:00,25/11/2020 14:20:00,20 min.,Elsa Duncan: 11630816
,,,,,,Mirin Burns: 44646137
,,,,,,Fearne Cunningham: 47669629
,,,,,,Brooklyn Douglas: 50125210
,,,,,,Murron Hunter: 51702313
,,,,,,Angel Kelly: 55375417
,,,,,,Alice Sinclair: 58104704
,,,,,,
8,Coffee chat,Hundred Acre Wood,25/11/2020 14:00:00,25/11/2020 14:20:00,20 min.,Elsa Duncan: 11630816
,,,,,,Mirin Burns: 44646137
,,,,,,Fearne Cunningham: 47669629
,,,,,,Brooklyn Douglas: 50125210
,,,,,,Murron Hunter: 51702313
,,,,,,Angel Kelly: 55375417
,,,,,,Alice Sinclair: 58104704
,,,,,,
8,Coffee chat,Hundred Acre Wood,25/11/2020 14:00:00,25/11/2020 14:20:00,20 min.,Elsa Duncan: 11630816
,,,,,,Mirin Burns: 44646137
,,,,,,Fearne Cunningham: 47669629
,,,,,,Brooklyn Douglas: 50125210
,,,,,,Murron Hunter: 51702313
,,,,,,Angel Kelly: 55375417
,,,,,,Alice Sinclair: 58104704
,,,,,,
1002,Thursday Chat,Hogwarts,27/11/2020 09:44:53,27/11/2020 09:54:53,10 min.,Elsa Duncan: 11630816
,,,,,,Luka Gibson: 31951484
,,,,,,Elsie Black: 38277039
,,,,,,
1002,Thursday Chat,Hogwarts,27/11/2020 09:44:53,27/11/2020 09:54:53,10 min.,Elsa Duncan: 11630816
,,,,,,Luka Gibson: 31951484
,,,,,,Elsie Black: 38277039
,,,,,,
1002,Thursday Chat,Hogwarts,27/11/2020 09:44:53,27/11/2020 09:54:53,10 min.,Elsa Duncan: 11630816
,,,,,,Luka Gibson: 31951484
,,,,,,Elsie Black: 38277039
,,,,,,
1003,Chat cont.,Hundred Acre Wood,27/11/2020 10:00:00,27/11/2020 10:25:00,25 min.,Elsa Duncan: 11630816
,,,,,,Elsie Black: 38277039
,,,,,,Mirin Burns: 44646137
,,,,,,Luka Gibson: 31951484
,,,,,,Murron Hunter: 51702313
,,,,,,Elena MacDonald: 64349421
,,,,,,Kacie Thompson: 75251598
,,,,,,Angel Kelly: 55375417
,,,,,,
1003,Chat cont.,Hundred Acre Wood,27/11/2020 10:00:00,27/11/2020 10:25:00,25 min.,Elsa Duncan: 11630816
,,,,,,Elsie Black: 38277039
,,,,,,Mirin Burns: 44646137
,,,,,,Luka Gibson: 31951484
,,,,,,Murron Hunter: 51702313
,,,,,,Elena MacDonald: 64349421
,,,,,,Kacie Thompson: 75251598
,,,,,,Angel Kelly: 55375417
,,,,,,
1003,Chat cont.,Hundred Acre Wood,27/11/2020 10:00:00,27/11/2020 10:25:00,25 min.,Elsa Duncan: 11630816
,,,,,,Elsie Black: 38277039
,,,,,,Mirin Burns: 44646137
,,,,,,Luka Gibson: 31951484
,,,,,,Murron Hunter: 51702313
,,,,,,Elena MacDonald: 64349421
,,,,,,Kacie Thompson: 75251598
,,,,,,Angel Kelly: 55375417
,,,,,,
1003,Chat cont.,Hundred Acre Wood,27/11/2020 10:00:00,27/11/2020 10:25:00,25 min.,Elsa Duncan: 11630816
,,,,,,Elsie Black: 38277039
,,,,,,Mirin Burns: 44646137
,,,,,,Luka Gibson: 31951484
,,,,,,Murron Hunter: 51702313
,,,,,,Elena MacDonald: 64349421
,,,,,,Kacie Thompson: 75251598
,,,,,,Angel Kelly: 55375417
,,,,,,
1003,Chat cont.,Hundred Acre Wood,27/11/2020 10:00:00,27/11/2020 10:25:00,25 min.,Elsa Duncan: 11630816
,,,,,,Elsie Black: 38277039
,,,,,,Mirin Burns: 44646137
,,,,,,Luka Gibson: 31951484
,,,,,,Murron Hunter: 51702313
,,,,,,Elena MacDonald: 64349421
,,,,,,Kacie Thompson: 75251598
,,,,,,Angel Kelly: 55375417
,,,,,,
1003,Chat cont.,Hundred Acre Wood,27/11/2020 10:00:00,27/11/2020 10:25:00,25 min.,Elsa Duncan: 11630816
,,,,,,Elsie Black: 38277039
,,,,,,Mirin Burns: 44646137
,,,,,,Luka Gibson: 31951484
,,,,,,Murron Hunter: 51702313
,,,,,,Elena MacDonald: 64349421
,,,,,,Kacie Thompson: 75251598
,,,,,,Angel Kelly: 55375417
,,,,,,
1003,Chat cont.,Hundred Acre Wood,27/11/2020 10:00:00,27/11/2020 10:25:00,25 min.,Elsa Duncan: 11630816
,,,,,,Elsie Black: 38277039
,,,,,,Mirin Burns: 44646137
,,,,,,Luka Gibson: 31951484
,,,,,,Murron Hunter: 51702313
,,,,,,Elena MacDonald: 64349421
,,,,,,Kacie Thompson: 75251598
,,,,,,Angel Kelly: 55375417
,,,,,,
1003,Chat cont.,Hundred Acre Wood,27/11/2020 10:00:00,27/11/2020 10:25:00,25 min.,Elsa Duncan: 11630816
,,,,,,Elsie Black: 38277039
,,,,,,Mirin Burns: 44646137
,,,,,,Luka Gibson: 31951484
,,,,,,Murron Hunter: 51702313
,,,,,,Elena MacDonald: 64349421
,,,,,,Kacie Thompson: 75251598
,,,,,,Angel Kelly: 55375417
,,,,,,
1004,Meeting Test,Far Far Away,27/11/2020 11:00:00,27/11/2020 11:35:00,35 min.,Elsa Duncan: 11630816
,,,,,,Mirin Burns: 44646137
,,,,,,Angel Kelly: 55375417
,,,,,,Eloise Wood: 70579719
,,,,,,
1004,Meeting Test,Far Far Away,27/11/2020 11:00:00,27/11/2020 11:35:00,35 min.,Elsa Duncan: 11630816
,,,,,,Mirin Burns: 44646137
,,,,,,Angel Kelly: 55375417
,,,,,,Eloise Wood: 70579719
,,,,,,
1004,Meeting Test,Far Far Away,27/11/2020 11:00:00,27/11/2020 11:35:00,35 min.,Elsa Duncan: 11630816
,,,,,,Mirin Burns: 44646137
,,,,,,Angel Kelly: 55375417
,,,,,,Eloise Wood: 70579719
,,,,,,
1004,Meeting Test,Far Far Away,27/11/2020 11:00:00,27/11/2020 11:35:00,35 min.,Elsa Duncan: 11630816
,,,,,,Mirin Burns: 44646137
,,,,,,Angel Kelly: 55375417
,,,,,,Eloise Wood: 70579719
,,,,,,
1005,Chat Central,Hundred Acre Wood,27/11/2020 12:00:00,27/11/2020 12:10:00,10 min.,Elsa Duncan: 11630816
,,,,,,Murron Hunter: 51702313
,,,,,,Kacie Thompson: 75251598
,,,,,,Chloe Walker: 27584059
,,,,,,Fearne Cunningham: 47669629
,,,,,,Mirin Burns: 44646137
,,,,,,Luka Gibson: 31951484
,,,,,,Natan Hamilton: 28875222
,,,,,,Elsie Black: 38277039
,,,,,,
1005,Chat Central,Hundred Acre Wood,27/11/2020 12:00:00,27/11/2020 12:10:00,10 min.,Elsa Duncan: 11630816
,,,,,,Murron Hunter: 51702313
,,,,,,Kacie Thompson: 75251598
,,,,,,Chloe Walker: 27584059
,,,,,,Fearne Cunningham: 47669629
,,,,,,Mirin Burns: 44646137
,,,,,,Luka Gibson: 31951484
,,,,,,Natan Hamilton: 28875222
,,,,,,Elsie Black: 38277039
,,,,,,
1005,Chat Central,Hundred Acre Wood,27/11/2020 12:00:00,27/11/2020 12:10:00,10 min.,Elsa Duncan: 11630816
,,,,,,Murron Hunter: 51702313
,,,,,,Kacie Thompson: 75251598
,,,,,,Chloe Walker: 27584059
,,,,,,Fearne Cunningham: 47669629
,,,,,,Mirin Burns: 44646137
,,,,,,Luka Gibson: 31951484
,,,,,,Natan Hamilton: 28875222
,,,,,,Elsie Black: 38277039
,,,,,,
1005,Chat Central,Hundred Acre Wood,27/11/2020 12:00:00,27/11/2020 12:10:00,10 min.,Elsa Duncan: 11630816
,,,,,,Murron Hunter: 51702313
,,,,,,Kacie Thompson: 75251598
,,,,,,Chloe Walker: 27584059
,,,,,,Fearne Cunningham: 47669629
,,,,,,Mirin Burns: 44646137
,,,,,,Luka Gibson: 31951484
,,,,,,Natan Hamilton: 28875222
,,,,,,Elsie Black: 38277039
,,,,,,
1005,Chat Central,Hundred Acre Wood,27/11/2020 12:00:00,27/11/2020 12:10:00,10 min.,Elsa Duncan: 11630816
,,,,,,Murron Hunter: 51702313
,,,,,,Kacie Thompson: 75251598
,,,,,,Chloe Walker: 27584059
,,,,,,Fearne Cunningham: 47669629
,,,,,,Mirin Burns: 44646137
,,,,,,Luka Gibson: 31951484
,,,,,,Natan Hamilton: 28875222
,,,,,,Elsie Black: 38277039
,,,,,,
1005,Chat Central,Hundred Acre Wood,27/11/2020 12:00:00,27/11/2020 12:10:00,10 min.,Elsa Duncan: 11630816
,,,,,,Murron Hunter: 51702313
,,,,,,Kacie Thompson: 75251598
,,,,,,Chloe Walker: 27584059
,,,,,,Fearne Cunningham: 47669629
,,,,,,Mirin Burns: 44646137
,,,,,,Luka Gibson: 31951484
,,,,,,Natan Hamilton: 28875222
,,,,,,Elsie Black: 38277039
,,,,,,
1005,Chat Central,Hundred Acre Wood,27/11/2020 12:00:00,27/11/2020 12:10:00,10 min.,Elsa Duncan: 11630816
,,,,,,Murron Hunter: 51702313
,,,,,,Kacie Thompson: 75251598
,,,,,,Chloe Walker: 27584059
,,,,,,Fearne Cunningham: 47669629
,,,,,,Mirin Burns: 44646137
,,,,,,Luka Gibson: 31951484
,,,,,,Natan Hamilton: 28875222
,,,,,,Elsie Black: 38277039
,,,,,,
1005,Chat Central,Hundred Acre Wood,27/11/2020 12:00:00,27/11/2020 12:10:00,10 min.,Elsa Duncan: 11630816
,,,,,,Murron Hunter: 51702313
,,,,,,Kacie Thompson: 75251598
,,,,,,Chloe Walker: 27584059
,,,,,,Fearne Cunningham: 47669629
,,,,,,Mirin Burns: 44646137
,,,,,,Luka Gibson: 31951484
,,,,,,Natan Hamilton: 28875222
,,,,,,Elsie Black: 38277039
,,,,,,
1005,Chat Central,Hundred Acre Wood,27/11/2020 12:00:00,27/11/2020 12:10:00,10 min.,Elsa Duncan: 11630816
,,,,,,Murron Hunter: 51702313
,,,,,,Kacie Thompson: 75251598
,,,,,,Chloe Walker: 27584059
,,,,,,Fearne Cunningham: 47669629
,,,,,,Mirin Burns: 44646137
,,,,,,Luka Gibson: 31951484
,,,,,,Natan Hamilton: 28875222
,,,,,,Elsie Black: 38277039
,,,,,,
1006,test booked employees,Far Far Away,27/11/2020 14:00:00,27/11/2020 15:00:00,01 hour,Elsa Duncan: 11630816
,,,,,,Sandy Grant: 12638001
,,,,,,Allan Johnstone: 20806981
,,,,,,Chloe Walker: 27584059
,,,,,,Natan Hamilton: 28875222
,,,,,,Luka Gibson: 31951484
,,,,,,
1006,test booked employees,Far Far Away,27/11/2020 14:00:00,27/11/2020 15:00:00,01 hour,Elsa Duncan: 11630816
,,,,,,Sandy Grant: 12638001
,,,,,,Allan Johnstone: 20806981
,,,,,,Chloe Walker: 27584059
,,,,,,Natan Hamilton: 28875222
,,,,,,Luka Gibson: 31951484
,,,,,,
1006,test booked employees,Far Far Away,27/11/2020 14:00:00,27/11/2020 15:00:00,01 hour,Elsa Duncan: 11630816
,,,,,,Sandy Grant: 12638001
,,,,,,Allan Johnstone: 20806981
,,,,,,Chloe Walker: 27584059
,,,,,,Natan Hamilton: 28875222
,,,,,,Luka Gibson: 31951484
,,,,,,
1006,test booked employees,Far Far Away,27/11/2020 14:00:00,27/11/2020 15:00:00,01 hour,Elsa Duncan: 11630816
,,,,,,Sandy Grant: 12638001
,,,,,,Allan Johnstone: 20806981
,,,,,,Chloe Walker: 27584059
,,,,,,Natan Hamilton: 28875222
,,,,,,Luka Gibson: 31951484
,,,,,,
1006,test booked employees,Far Far Away,27/11/2020 14:00:00,27/11/2020 15:00:00,01 hour,Elsa Duncan: 11630816
,,,,,,Sandy Grant: 12638001
,,,,,,Allan Johnstone: 20806981
,,,,,,Chloe Walker: 27584059
,,,,,,Natan Hamilton: 28875222
,,,,,,Luka Gibson: 31951484
,,,,,,
1006,test booked employees,Far Far Away,27/11/2020 14:00:00,27/11/2020 15:00:00,01 hour,Elsa Duncan: 11630816
,,,,,,Sandy Grant: 12638001
,,,,,,Allan Johnstone: 20806981
,,,,,,Chloe Walker: 27584059
,,,,,,Natan Hamilton: 28875222
,,,,,,Luka Gibson: 31951484
,,,,,,
1008,test 100,Far Far Away,27/11/2020 15:05:29,27/11/2020 15:35:29,30 min.,Elsa Duncan: 11630816
,,,,,,Allan Johnstone: 20806981
,,,,,,Sandy Grant: 12638001
,,,,,,Chloe Walker: 27584059
,,,,,,Luka Gibson: 31951484
,,,,,,Natan Hamilton: 28875222
,,,,,,
1008,test 100,Far Far Away,27/11/2020 15:05:29,27/11/2020 15:35:29,30 min.,Elsa Duncan: 11630816
,,,,,,Allan Johnstone: 20806981
,,,,,,Sandy Grant: 12638001
,,,,,,Chloe Walker: 27584059
,,,,,,Luka Gibson: 31951484
,,,,,,Natan Hamilton: 28875222
,,,,,,
1008,test 100,Far Far Away,27/11/2020 15:05:29,27/11/2020 15:35:29,30 min.,Elsa Duncan: 11630816
,,,,,,Allan Johnstone: 20806981
,,,,,,Sandy Grant: 12638001
,,,,,,Chloe Walker: 27584059
,,,,,,Luka Gibson: 31951484
,,,,,,Natan Hamilton: 28875222
,,,,,,
1008,test 100,Far Far Away,27/11/2020 15:05:29,27/11/2020 15:35:29,30 min.,Elsa Duncan: 11630816
,,,,,,Allan Johnstone: 20806981
,,,,,,Sandy Grant: 12638001
,,,,,,Chloe Walker: 27584059
,,,,,,Luka Gibson: 31951484
,,,,,,Natan Hamilton: 28875222
,,,,,,
1008,test 100,Far Far Away,27/11/2020 15:05:29,27/11/2020 15:35:29,30 min.,Elsa Duncan: 11630816
,,,,,,Allan Johnstone: 20806981
,,,,,,Sandy Grant: 12638001
,,,,,,Chloe Walker: 27584059
,,,,,,Luka Gibson: 31951484
,,,,,,Natan Hamilton: 28875222
,,,,,,
1008,test 100,Far Far Away,27/11/2020 15:05:29,27/11/2020 15:35:29,30 min.,Elsa Duncan: 11630816
,,,,,,Allan Johnstone: 20806981
,,,,,,Sandy Grant: 12638001
,,,,,,Chloe Walker: 27584059
,,,,,,Luka Gibson: 31951484
,,,,,,Natan Hamilton: 28875222
,,,,,,
1009,Saturday Meeting Catch Up,Far Far Away,28/11/2020 15:00:00,28/11/2020 15:45:00,45 min.,Elsa Duncan: 11630816
,,,,,,Sandy Grant: 12638001
,,,,,,Allan Johnstone: 20806981
,,,,,,Chloe Walker: 27584059
,,,,,,Natan Hamilton: 28875222
,,,,,,Luka Gibson: 31951484
,,,,,,
1009,Saturday Meeting Catch Up,Far Far Away,28/11/2020 15:00:00,28/11/2020 15:45:00,45 min.,Elsa Duncan: 11630816
,,,,,,Sandy Grant: 12638001
,,,,,,Allan Johnstone: 20806981
,,,,,,Chloe Walker: 27584059
,,,,,,Natan Hamilton: 28875222
,,,,,,Luka Gibson: 31951484
,,,,,,
1009,Saturday Meeting Catch Up,Far Far Away,28/11/2020 15:00:00,28/11/2020 15:45:00,45 min.,Elsa Duncan: 11630816
,,,,,,Sandy Grant: 12638001
,,,,,,Allan Johnstone: 20806981
,,,,,,Chloe Walker: 27584059
,,,,,,Natan Hamilton: 28875222
,,,,,,Luka Gibson: 31951484
,,,,,,
1009,Saturday Meeting Catch Up,Far Far Away,28/11/2020 15:00:00,28/11/2020 15:45:00,45 min.,Elsa Duncan: 11630816
,,,,,,Sandy Grant: 12638001
,,,,,,Allan Johnstone: 20806981
,,,,,,Chloe Walker: 27584059
,,,,,,Natan Hamilton: 28875222
,,,,,,Luka Gibson: 31951484
,,,,,,
1009,Saturday Meeting Catch Up,Far Far Away,28/11/2020 15:00:00,28/11/2020 15:45:00,45 min.,Elsa Duncan: 11630816
,,,,,,Sandy Grant: 12638001
,,,,,,Allan Johnstone: 20806981
,,,,,,Chloe Walker: 27584059
,,,,,,Natan Hamilton: 28875222
,,,,,,Luka Gibson: 31951484
,,,,,,
1009,Saturday Meeting Catch Up,Far Far Away,28/11/2020 15:00:00,28/11/2020 15:45:00,45 min.,Elsa Duncan: 11630816
,,,,,,Sandy Grant: 12638001
,,,,,,Allan Johnstone: 20806981
,,,,,,Chloe Walker: 27584059
,,,,,,Natan Hamilton: 28875222
,,,,,,Luka Gibson: 31951484
,,,,,,
1010,Test Meeting for Sunday,Far Far Away,29/11/2020 13:43:46,29/11/2020 14:23:46,40 min.,Elsa Duncan: 11630816
,,,,,,Allan Johnstone: 20806981
,,,,,,Natan Hamilton: 28875222
,,,,,,Sandy Grant: 12638001
,,,,,,Chloe Walker: 27584059
,,,,,,
1010,Test Meeting for Sunday,Far Far Away,29/11/2020 13:43:46,29/11/2020 14:23:46,40 min.,Elsa Duncan: 11630816
,,,,,,Allan Johnstone: 20806981
,,,,,,Natan Hamilton: 28875222
,,,,,,Sandy Grant: 12638001
,,,,,,Chloe Walker: 27584059
,,,,,,
1010,Test Meeting for Sunday,Far Far Away,29/11/2020 13:43:46,29/11/2020 14:23:46,40 min.,Elsa Duncan: 11630816
,,,,,,Allan Johnstone: 20806981
,,,,,,Natan Hamilton: 28875222
,,,,,,Sandy Grant: 12638001
,,,,,,Chloe Walker: 27584059
,,,,,,
1010,Test Meeting for Sunday,Far Far Away,29/11/2020 13:43:46,29/11/2020 14:23:46,40 min.,Elsa Duncan: 11630816
,,,,,,Allan Johnstone: 20806981
,,,,,,Natan Hamilton: 28875222
,,,,,,Sandy Grant: 12638001
,,,,,,Chloe Walker: 27584059
,,,,,,
1010,Test Meeting for Sunday,Far Far Away,29/11/2020 13:43:46,29/11/2020 14:23:46,40 min.,Elsa Duncan: 11630816
,,,,,,Allan Johnstone: 20806981
,,,,,,Natan Hamilton: 28875222
,,,,,,Sandy Grant: 12638001
,,,,,,Chloe Walker: 27584059
,,,,,,
1012,TestThis,Far Far Away,29/11/2020 14:50:01,29/11/2020 14:55:01,05 min.,Elsa Duncan: 11630816
,,,,,,Sandy Grant: 12638001
,,,,,,Chloe Walker: 27584059
,,,,,,
1012,TestThis,Far Far Away,29/11/2020 14:50:01,29/11/2020 14:55:01,05 min.,Elsa Duncan: 11630816
,,,,,,Sandy Grant: 12638001
,,,,,,Chloe Walker: 27584059
,,,,,,
1012,TestThis,Far Far Away,29/11/2020 14:50:01,29/11/2020 14:55:01,05 min.,Elsa Duncan: 11630816
,,,,,,Sandy Grant: 12638001
,,,,,,Chloe Walker: 27584059
,,,,,,
1014,more more,Hogwarts,29/11/2020 15:00:00,29/11/2020 15:10:00,10 min.,Elsa Duncan: 11630816
,,,,,,Brooklyn Douglas: 50125210
,,,,,,Eloise Wood: 70579719
,,,,,,
1014,more more,Hogwarts,29/11/2020 15:00:00,29/11/2020 15:10:00,10 min.,Elsa Duncan: 11630816
,,,,,,Brooklyn Douglas: 50125210
,,,,,,Eloise Wood: 70579719
,,,,,,
1014,more more,Hogwarts,29/11/2020 15:00:00,29/11/2020 15:10:00,10 min.,Elsa Duncan: 11630816
,,,,,,Brooklyn Douglas: 50125210
,,,,,,Eloise Wood: 70579719
,,,,,,
1013,this is a rtets tof eosdnds erteteh,Far Far Away,29/11/2020 15:00:10,29/11/2020 15:45:10,45 min.,Elsa Duncan: 11630816
,,,,,,Chloe Walker: 27584059
,,,,,,Allan Johnstone: 20806981
,,,,,,Sandy Grant: 12638001
,,,,,,Luka Gibson: 31951484
,,,,,,Fearne Cunningham: 47669629
,,,,,,
1013,this is a rtets tof eosdnds erteteh,Far Far Away,29/11/2020 15:00:10,29/11/2020 15:45:10,45 min.,Elsa Duncan: 11630816
,,,,,,Chloe Walker: 27584059
,,,,,,Allan Johnstone: 20806981
,,,,,,Sandy Grant: 12638001
,,,,,,Luka Gibson: 31951484
,,,,,,Fearne Cunningham: 47669629
,,,,,,
1013,this is a rtets tof eosdnds erteteh,Far Far Away,29/11/2020 15:00:10,29/11/2020 15:45:10,45 min.,Elsa Duncan: 11630816
,,,,,,Chloe Walker: 27584059
,,,,,,Allan Johnstone: 20806981
,,,,,,Sandy Grant: 12638001
,,,,,,Luka Gibson: 31951484
,,,,,,Fearne Cunningham: 47669629
,,,,,,
1013,this is a rtets tof eosdnds erteteh,Far Far Away,29/11/2020 15:00:10,29/11/2020 15:45:10,45 min.,Elsa Duncan: 11630816
,,,,,,Chloe Walker: 27584059
,,,,,,Allan Johnstone: 20806981
,,,,,,Sandy Grant: 12638001
,,,,,,Luka Gibson: 31951484
,,,,,,Fearne Cunningham: 47669629
,,,,,,
1013,this is a rtets tof eosdnds erteteh,Far Far Away,29/11/2020 15:00:10,29/11/2020 15:45:10,45 min.,Elsa Duncan: 11630816
,,,,,,Chloe Walker: 27584059
,,,,,,Allan Johnstone: 20806981
,,,,,,Sandy Grant: 12638001
,,,,,,Luka Gibson: 31951484
,,,,,,Fearne Cunningham: 47669629
,,,,,,
1013,this is a rtets tof eosdnds erteteh,Far Far Away,29/11/2020 15:00:10,29/11/2020 15:45:10,45 min.,Elsa Duncan: 11630816
,,,,,,Chloe Walker: 27584059
,,,,,,Allan Johnstone: 20806981
,,,,,,Sandy Grant: 12638001
,,,,,,Luka Gibson: 31951484
,,,,,,Fearne Cunningham: 47669629
,,,,,,
1015,what about this?,Narnia,29/11/2020 15:01:35,29/11/2020 15:06:35,05 min.,Elsa Duncan: 11630816
,,,,,,Brooklyn Douglas: 50125210
,,,,,,Kacie Thompson: 75251598
,,,,,,Angel Kelly: 55375417
,,,,,,
1015,what about this?,Narnia,29/11/2020 15:01:35,29/11/2020 15:06:35,05 min.,Elsa Duncan: 11630816
,,,,,,Brooklyn Douglas: 50125210
,,,,,,Kacie Thompson: 75251598
,,,,,,Angel Kelly: 55375417
,,,,,,
1015,what about this?,Narnia,29/11/2020 15:01:35,29/11/2020 15:06:35,05 min.,Elsa Duncan: 11630816
,,,,,,Brooklyn Douglas: 50125210
,,,,,,Kacie Thompson: 75251598
,,,,,,Angel Kelly: 55375417
,,,,,,
1015,what about this?,Narnia,29/11/2020 15:01:35,29/11/2020 15:06:35,05 min.,Elsa Duncan: 11630816
,,,,,,Brooklyn Douglas: 50125210
,,,,,,Kacie Thompson: 75251598
,,,,,,Angel Kelly: 55375417
,,,,,,
1018,Another Meeting,Far Far Away,29/11/2020 15:45:14,29/11/2020 15:55:14,10 min.,Elsa Duncan: 11630816
,,,,,,Sandy Grant: 12638001
,,,,,,Allan Johnstone: 20806981
,,,,,,
1018,Another Meeting,Far Far Away,29/11/2020 15:45:14,29/11/2020 15:55:14,10 min.,Elsa Duncan: 11630816
,,,,,,Sandy Grant: 12638001
,,,,,,Allan Johnstone: 20806981
,,,,,,
1018,Another Meeting,Far Far Away,29/11/2020 15:45:14,29/11/2020 15:55:14,10 min.,Elsa Duncan: 11630816
,,,,,,Sandy Grant: 12638001
,,,,,,Allan Johnstone: 20806981
,,,,,,
1017,test 45,Far Far Away,29/11/2020 16:00:00,29/11/2020 16:05:00,05 min.,Elsa Duncan: 11630816
,,,,,,Chloe Walker: 27584059
,,,,,,Luka Gibson: 31951484
,,,,,,
1017,test 45,Far Far Away,29/11/2020 16:00:00,29/11/2020 16:05:00,05 min.,Elsa Duncan: 11630816
,,,,,,Chloe Walker: 27584059
,,,,,,Luka Gibson: 31951484
,,,,,,
1017,test 45,Far Far Away,29/11/2020 16:00:00,29/11/2020 16:05:00,05 min.,Elsa Duncan: 11630816
,,,,,,Chloe Walker: 27584059
,,,,,,Luka Gibson: 31951484
,,,,,,
1016,and this one?,Neverland,29/11/2020 17:00:00,29/11/2020 17:10:00,10 min.,Elsa Duncan: 11630816
,,,,,,Chloe Walker: 27584059
,,,,,,Luka Gibson: 31951484
,,,,,,Carrie Walker: 66794806
,,,,,,Murron Paterson: 78191010
,,,,,,Brooklyn Douglas: 50125210
,,,,,,
1016,and this one?,Neverland,29/11/2020 17:00:00,29/11/2020 17:10:00,10 min.,Elsa Duncan: 11630816
,,,,,,Chloe Walker: 27584059
,,,,,,Luka Gibson: 31951484
,,,,,,Carrie Walker: 66794806
,,,,,,Murron Paterson: 78191010
,,,,,,Brooklyn Douglas: 50125210
,,,,,,
1016,and this one?,Neverland,29/11/2020 17:00:00,29/11/2020 17:10:00,10 min.,Elsa Duncan: 11630816
,,,,,,Chloe Walker: 27584059
,,,,,,Luka Gibson: 31951484
,,,,,,Carrie Walker: 66794806
,,,,,,Murron Paterson: 78191010
,,,,,,Brooklyn Douglas: 50125210
,,,,,,
1016,and this one?,Neverland,29/11/2020 17:00:00,29/11/2020 17:10:00,10 min.,Elsa Duncan: 11630816
,,,,,,Chloe Walker: 27584059
,,,,,,Luka Gibson: 31951484
,,,,,,Carrie Walker: 66794806
,,,,,,Murron Paterson: 78191010
,,,,,,Brooklyn Douglas: 50125210
,,,,,,
1016,and this one?,Neverland,29/11/2020 17:00:00,29/11/2020 17:10:00,10 min.,Elsa Duncan: 11630816
,,,,,,Chloe Walker: 27584059
,,,,,,Luka Gibson: 31951484
,,,,,,Carrie Walker: 66794806
,,,,,,Murron Paterson: 78191010
,,,,,,Brooklyn Douglas: 50125210
,,,,,,
1016,and this one?,Neverland,29/11/2020 17:00:00,29/11/2020 17:10:00,10 min.,Elsa Duncan: 11630816
,,,,,,Chloe Walker: 27584059
,,,,,,Luka Gibson: 31951484
,,,,,,Carrie Walker: 66794806
,,,,,,Murron Paterson: 78191010
,,,,,,Brooklyn Douglas: 50125210
,,,,,,
1011,Sunday Catch Up,Far Far Away,29/11/2020 17:00:00,29/11/2020 17:05:00,05 min.,Elsa Duncan: 11630816
,,,,,,Allan Johnstone: 20806981
,,,,,,Sandy Grant: 12638001
,,,,,,Chloe Walker: 27584059
,,,,,,Luka Gibson: 31951484
,,,,,,Natan Hamilton: 28875222
,,,,,,
1011,Sunday Catch Up,Far Far Away,29/11/2020 17:00:00,29/11/2020 17:05:00,05 min.,Elsa Duncan: 11630816
,,,,,,Allan Johnstone: 20806981
,,,,,,Sandy Grant: 12638001
,,,,,,Chloe Walker: 27584059
,,,,,,Luka Gibson: 31951484
,,,,,,Natan Hamilton: 28875222
,,,,,,
1011,Sunday Catch Up,Far Far Away,29/11/2020 17:00:00,29/11/2020 17:05:00,05 min.,Elsa Duncan: 11630816
,,,,,,Allan Johnstone: 20806981
,,,,,,Sandy Grant: 12638001
,,,,,,Chloe Walker: 27584059
,,,,,,Luka Gibson: 31951484
,,,,,,Natan Hamilton: 28875222
,,,,,,
1011,Sunday Catch Up,Far Far Away,29/11/2020 17:00:00,29/11/2020 17:05:00,05 min.,Elsa Duncan: 11630816
,,,,,,Allan Johnstone: 20806981
,,,,,,Sandy Grant: 12638001
,,,,,,Chloe Walker: 27584059
,,,,,,Luka Gibson: 31951484
,,,,,,Natan Hamilton: 28875222
,,,,,,
1011,Sunday Catch Up,Far Far Away,29/11/2020 17:00:00,29/11/2020 17:05:00,05 min.,Elsa Duncan: 11630816
,,,,,,Allan Johnstone: 20806981
,,,,,,Sandy Grant: 12638001
,,,,,,Chloe Walker: 27584059
,,,,,,Luka Gibson: 31951484
,,,,,,Natan Hamilton: 28875222
,,,,,,
1011,Sunday Catch Up,Far Far Away,29/11/2020 17:00:00,29/11/2020 17:05:00,05 min.,Elsa Duncan: 11630816
,,,,,,Allan Johnstone: 20806981
,,,,,,Sandy Grant: 12638001
,,,,,,Chloe Walker: 27584059
,,,,,,Luka Gibson: 31951484
,,,,,,Natan Hamilton: 28875222
,,,,,,
1019,SHould not work,Far Far Away,29/11/2020 17:06:00,29/11/2020 17:11:00,05 min.,Elsa Duncan: 11630816
,,,,,,Eloise Wood: 70579719
,,,,,,Elena MacDonald: 64349421
,,,,,,
1019,SHould not work,Far Far Away,29/11/2020 17:06:00,29/11/2020 17:11:00,05 min.,Elsa Duncan: 11630816
,,,,,,Eloise Wood: 70579719
,,,,,,Elena MacDonald: 64349421
,,,,,,
1019,SHould not work,Far Far Away,29/11/2020 17:06:00,29/11/2020 17:11:00,05 min.,Elsa Duncan: 11630816
,,,,,,Eloise Wood: 70579719
,,,,,,Elena MacDonald: 64349421
,,,,,,
1020,Another Test Meeting,Hogwarts,30/11/2020 14:56:20,30/11/2020 15:41:20,45 min.,Elsa Duncan: 11630816
,,,,,,Sandy Grant: 12638001
,,,,,,Allan Johnstone: 20806981
,,,,,,Chloe Walker: 27584059
,,,,,,
1020,Another Test Meeting,Hogwarts,30/11/2020 14:56:20,30/11/2020 15:41:20,45 min.,Elsa Duncan: 11630816
,,,,,,Sandy Grant: 12638001
,,,,,,Allan Johnstone: 20806981
,,,,,,Chloe Walker: 27584059
,,,,,,
1020,Another Test Meeting,Hogwarts,30/11/2020 14:56:20,30/11/2020 15:41:20,45 min.,Elsa Duncan: 11630816
,,,,,,Sandy Grant: 12638001
,,,,,,Allan Johnstone: 20806981
,,,,,,Chloe Walker: 27584059
,,,,,,
1020,Another Test Meeting,Hogwarts,30/11/2020 14:56:20,30/11/2020 15:41:20,45 min.,Elsa Duncan: 11630816
,,,,,,Sandy Grant: 12638001
,,,,,,Allan Johnstone: 20806981
,,,,,,Chloe Walker: 27584059
,,,,,,
1021,Tester 2,Far Far Away,30/11/2020 15:00:38,30/11/2020 15:10:38,10 min.,Elsa Duncan: 11630816
,,,,,,Fearne Cunningham: 47669629
,,,,,,Alice Sinclair: 58104704
,,,,,,Carrie Walker: 66794806
,,,,,,
1021,Tester 2,Far Far Away,30/11/2020 15:00:38,30/11/2020 15:10:38,10 min.,Elsa Duncan: 11630816
,,,,,,Fearne Cunningham: 47669629
,,,,,,Alice Sinclair: 58104704
,,,,,,Carrie Walker: 66794806
,,,,,,
1021,Tester 2,Far Far Away,30/11/2020 15:00:38,30/11/2020 15:10:38,10 min.,Elsa Duncan: 11630816
,,,,,,Fearne Cunningham: 47669629
,,,,,,Alice Sinclair: 58104704
,,,,,,Carrie Walker: 66794806
,,,,,,
1021,Tester 2,Far Far Away,30/11/2020 15:00:38,30/11/2020 15:10:38,10 min.,Elsa Duncan: 11630816
,,,,,,Fearne Cunningham: 47669629
,,,,,,Alice Sinclair: 58104704
,,,,,,Carrie Walker: 66794806
,,,,,,
1022,new Meeting,Narnia,30/11/2020 15:02:53,30/11/2020 15:12:53,10 min.,Elsa Duncan: 11630816
,,,,,,Brooklyn Douglas: 50125210
,,,,,,Kirstie Wright: 99036434
,,,,,,Ellie Johnston: 90006667
,,,,,,Ailidh Russell: 80076475
,,,,,,Nathan Hay: 78602723
,,,,,,Kacie Thompson: 75251598
,,,,,,Michael Bruce: 92656774
,,,,,,Toby McLean: 82968199
,,,,,,Jak Jamieson: 79718733
,,,,,,Murron Paterson: 78191010
,,,,,,
1022,new Meeting,Narnia,30/11/2020 15:02:53,30/11/2020 15:12:53,10 min.,Elsa Duncan: 11630816
,,,,,,Brooklyn Douglas: 50125210
,,,,,,Kirstie Wright: 99036434
,,,,,,Ellie Johnston: 90006667
,,,,,,Ailidh Russell: 80076475
,,,,,,Nathan Hay: 78602723
,,,,,,Kacie Thompson: 75251598
,,,,,,Michael Bruce: 92656774
,,,,,,Toby McLean: 82968199
,,,,,,Jak Jamieson: 79718733
,,,,,,Murron Paterson: 78191010
,,,,,,
1022,new Meeting,Narnia,30/11/2020 15:02:53,30/11/2020 15:12:53,10 min.,Elsa Duncan: 11630816
,,,,,,Brooklyn Douglas: 50125210
,,,,,,Kirstie Wright: 99036434
,,,,,,Ellie Johnston: 90006667
,,,,,,Ailidh Russell: 80076475
,,,,,,Nathan Hay: 78602723
,,,,,,Kacie Thompson: 75251598
,,,,,,Michael Bruce: 92656774
,,,,,,Toby McLean: 82968199
,,,,,,Jak Jamieson: 79718733
,,,,,,Murron Paterson: 78191010
,,,,,,
1022,new Meeting,Narnia,30/11/2020 15:02:53,30/11/2020 15:12:53,10 min.,Elsa Duncan: 11630816
,,,,,,Brooklyn Douglas: 50125210
,,,,,,Kirstie Wright: 99036434
,,,,,,Ellie Johnston: 90006667
,,,,,,Ailidh Russell: 80076475
,,,,,,Nathan Hay: 78602723
,,,,,,Kacie Thompson: 75251598
,,,,,,Michael Bruce: 92656774
,,,,,,Toby McLean: 82968199
,,,,,,Jak Jamieson: 79718733
,,,,,,Murron Paterson: 78191010
,,,,,,
1022,new Meeting,Narnia,30/11/2020 15:02:53,30/11/2020 15:12:53,10 min.,Elsa Duncan: 11630816
,,,,,,Brooklyn Douglas: 50125210
,,,,,,Kirstie Wright: 99036434
,,,,,,Ellie Johnston: 90006667
,,,,,,Ailidh Russell: 80076475
,,,,,,Nathan Hay: 78602723
,,,,,,Kacie Thompson: 75251598
,,,,,,Michael Bruce: 92656774
,,,,,,Toby McLean: 82968199
,,,,,,Jak Jamieson: 79718733
,,,,,,Murron Paterson: 78191010
,,,,,,
1022,new Meeting,Narnia,30/11/2020 15:02:53,30/11/2020 15:12:53,10 min.,Elsa Duncan: 11630816
,,,,,,Brooklyn Douglas: 50125210
,,,,,,Kirstie Wright: 99036434
,,,,,,Ellie Johnston: 90006667
,,,,,,Ailidh Russell: 80076475
,,,,,,Nathan Hay: 78602723
,,,,,,Kacie Thompson: 75251598
,,,,,,Michael Bruce: 92656774
,,,,,,Toby McLean: 82968199
,,,,,,Jak Jamieson: 79718733
,,,,,,Murron Paterson: 78191010
,,,,,,
1022,new Meeting,Narnia,30/11/2020 15:02:53,30/11/2020 15:12:53,10 min.,Elsa Duncan: 11630816
,,,,,,Brooklyn Douglas: 50125210
,,,,,,Kirstie Wright: 99036434
,,,,,,Ellie Johnston: 90006667
,,,,,,Ailidh Russell: 80076475
,,,,,,Nathan Hay: 78602723
,,,,,,Kacie Thompson: 75251598
,,,,,,Michael Bruce: 92656774
,,,,,,Toby McLean: 82968199
,,,,,,Jak Jamieson: 79718733
,,,,,,Murron Paterson: 78191010
,,,,,,
1022,new Meeting,Narnia,30/11/2020 15:02:53,30/11/2020 15:12:53,10 min.,Elsa Duncan: 11630816
,,,,,,Brooklyn Douglas: 50125210
,,,,,,Kirstie Wright: 99036434
,,,,,,Ellie Johnston: 90006667
,,,,,,Ailidh Russell: 80076475
,,,,,,Nathan Hay: 78602723
,,,,,,Kacie Thompson: 75251598
,,,,,,Michael Bruce: 92656774
,,,,,,Toby McLean: 82968199
,,,,,,Jak Jamieson: 79718733
,,,,,,Murron Paterson: 78191010
,,,,,,
1022,new Meeting,Narnia,30/11/2020 15:02:53,30/11/2020 15:12:53,10 min.,Elsa Duncan: 11630816
,,,,,,Brooklyn Douglas: 50125210
,,,,,,Kirstie Wright: 99036434
,,,,,,Ellie Johnston: 90006667
,,,,,,Ailidh Russell: 80076475
,,,,,,Nathan Hay: 78602723
,,,,,,Kacie Thompson: 75251598
,,,,,,Michael Bruce: 92656774
,,,,,,Toby McLean: 82968199
,,,,,,Jak Jamieson: 79718733
,,,,,,Murron Paterson: 78191010
,,,,,,
1022,new Meeting,Narnia,30/11/2020 15:02:53,30/11/2020 15:12:53,10 min.,Elsa Duncan: 11630816
,,,,,,Brooklyn Douglas: 50125210
,,,,,,Kirstie Wright: 99036434
,,,,,,Ellie Johnston: 90006667
,,,,,,Ailidh Russell: 80076475
,,,,,,Nathan Hay: 78602723
,,,,,,Kacie Thompson: 75251598
,,,,,,Michael Bruce: 92656774
,,,,,,Toby McLean: 82968199
,,,,,,Jak Jamieson: 79718733
,,,,,,Murron Paterson: 78191010
,,,,,,
1022,new Meeting,Narnia,30/11/2020 15:02:53,30/11/2020 15:12:53,10 min.,Elsa Duncan: 11630816
,,,,,,Brooklyn Douglas: 50125210
,,,,,,Kirstie Wright: 99036434
,,,,,,Ellie Johnston: 90006667
,,,,,,Ailidh Russell: 80076475
,,,,,,Nathan Hay: 78602723
,,,,,,Kacie Thompson: 75251598
,,,,,,Michael Bruce: 92656774
,,,,,,Toby McLean: 82968199
,,,,,,Jak Jamieson: 79718733
,,,,,,Murron Paterson: 78191010
,,,,,,
1023,wwwwwwwwwwwwwwwwwwwwwwwwwwwwwwwwwww,Hundred Acre Wood,30/11/2020 15:04:56,30/11/2020 15:24:56,20 min.,Elsa Duncan: 11630816
,,,,,,Luka Gibson: 31951484
,,,,,,Elsie Black: 38277039
,,,,,,
1023,wwwwwwwwwwwwwwwwwwwwwwwwwwwwwwwwwww,Hundred Acre Wood,30/11/2020 15:04:56,30/11/2020 15:24:56,20 min.,Elsa Duncan: 11630816
,,,,,,Luka Gibson: 31951484
,,,,,,Elsie Black: 38277039
,,,,,,
1023,wwwwwwwwwwwwwwwwwwwwwwwwwwwwwwwwwww,Hundred Acre Wood,30/11/2020 15:04:56,30/11/2020 15:24:56,20 min.,Elsa Duncan: 11630816
,,,,,,Luka Gibson: 31951484
,,,,,,Elsie Black: 38277039
,,,,,,
1026,This meeting starts today,Hundred Acre Wood,01/12/2020 12:32:09,01/12/2020 12:37:09,05 min.,Elsa Duncan: 11630816
,,,,,,Allan Johnstone: 20806981
,,,,,,Chloe Walker: 27584059
,,,,,,Elsie Black: 38277039
,,,,,,Angel Kelly: 55375417
,,,,,,Carrie Walker: 66794806
,,,,,,Jak Jamieson: 79718733
,,,,,,
1026,This meeting starts today,Hundred Acre Wood,01/12/2020 12:32:09,01/12/2020 12:37:09,05 min.,Elsa Duncan: 11630816
,,,,,,Allan Johnstone: 20806981
,,,,,,Chloe Walker: 27584059
,,,,,,Elsie Black: 38277039
,,,,,,Angel Kelly: 55375417
,,,,,,Carrie Walker: 66794806
,,,,,,Jak Jamieson: 79718733
,,,,,,
1026,This meeting starts today,Hundred Acre Wood,01/12/2020 12:32:09,01/12/2020 12:37:09,05 min.,Elsa Duncan: 11630816
,,,,,,Allan Johnstone: 20806981
,,,,,,Chloe Walker: 27584059
,,,,,,Elsie Black: 38277039
,,,,,,Angel Kelly: 55375417
,,,,,,Carrie Walker: 66794806
,,,,,,Jak Jamieson: 79718733
,,,,,,
1026,This meeting starts today,Hundred Acre Wood,01/12/2020 12:32:09,01/12/2020 12:37:09,05 min.,Elsa Duncan: 11630816
,,,,,,Allan Johnstone: 20806981
,,,,,,Chloe Walker: 27584059
,,,,,,Elsie Black: 38277039
,,,,,,Angel Kelly: 55375417
,,,,,,Carrie Walker: 66794806
,,,,,,Jak Jamieson: 79718733
,,,,,,
1026,This meeting starts today,Hundred Acre Wood,01/12/2020 12:32:09,01/12/2020 12:37:09,05 min.,Elsa Duncan: 11630816
,,,,,,Allan Johnstone: 20806981
,,,,,,Chloe Walker: 27584059
,,,,,,Elsie Black: 38277039
,,,,,,Angel Kelly: 55375417
,,,,,,Carrie Walker: 66794806
,,,,,,Jak Jamieson: 79718733
,,,,,,
1026,This meeting starts today,Hundred Acre Wood,01/12/2020 12:32:09,01/12/2020 12:37:09,05 min.,Elsa Duncan: 11630816
,,,,,,Allan Johnstone: 20806981
,,,,,,Chloe Walker: 27584059
,,,,,,Elsie Black: 38277039
,,,,,,Angel Kelly: 55375417
,,,,,,Carrie Walker: 66794806
,,,,,,Jak Jamieson: 79718733
,,,,,,
1026,This meeting starts today,Hundred Acre Wood,01/12/2020 12:32:09,01/12/2020 12:37:09,05 min.,Elsa Duncan: 11630816
,,,,,,Allan Johnstone: 20806981
,,,,,,Chloe Walker: 27584059
,,,,,,Elsie Black: 38277039
,,,,,,Angel Kelly: 55375417
,,,,,,Carrie Walker: 66794806
,,,,,,Jak Jamieson: 79718733
,,,,,,
1024,Tuesday Meeting,Hundred Acre Wood,01/12/2020 13:00:00,01/12/2020 13:05:00,05 min.,Elsa Duncan: 11630816
,,,,,,Sandy Grant: 12638001
,,,,,,Allan Johnstone: 20806981
,,,,,,Chloe Walker: 27584059
,,,,,,Fearne Cunningham: 47669629
,,,,,,Brooklyn Douglas: 50125210
,,,,,,Elena MacDonald: 64349421
,,,,,,Carrie Walker: 66794806
,,,,,,
1024,Tuesday Meeting,Hundred Acre Wood,01/12/2020 13:00:00,01/12/2020 13:05:00,05 min.,Elsa Duncan: 11630816
,,,,,,Sandy Grant: 12638001
,,,,,,Allan Johnstone: 20806981
,,,,,,Chloe Walker: 27584059
,,,,,,Fearne Cunningham: 47669629
,,,,,,Brooklyn Douglas: 50125210
,,,,,,Elena MacDonald: 64349421
,,,,,,Carrie Walker: 66794806
,,,,,,
1024,Tuesday Meeting,Hundred Acre Wood,01/12/2020 13:00:00,01/12/2020 13:05:00,05 min.,Elsa Duncan: 11630816
,,,,,,Sandy Grant: 12638001
,,,,,,Allan Johnstone: 20806981
,,,,,,Chloe Walker: 27584059
,,,,,,Fearne Cunningham: 47669629
,,,,,,Brooklyn Douglas: 50125210
,,,,,,Elena MacDonald: 64349421
,,,,,,Carrie Walker: 66794806
,,,,,,
1024,Tuesday Meeting,Hundred Acre Wood,01/12/2020 13:00:00,01/12/2020 13:05:00,05 min.,Elsa Duncan: 11630816
,,,,,,Sandy Grant: 12638001
,,,,,,Allan Johnstone: 20806981
,,,,,,Chloe Walker: 27584059
,,,,,,Fearne Cunningham: 47669629
,,,,,,Brooklyn Douglas: 50125210
,,,,,,Elena MacDonald: 64349421
,,,,,,Carrie Walker: 66794806
,,,,,,
1024,Tuesday Meeting,Hundred Acre Wood,01/12/2020 13:00:00,01/12/2020 13:05:00,05 min.,Elsa Duncan: 11630816
,,,,,,Sandy Grant: 12638001
,,,,,,Allan Johnstone: 20806981
,,,,,,Chloe Walker: 27584059
,,,,,,Fearne Cunningham: 47669629
,,,,,,Brooklyn Douglas: 50125210
,,,,,,Elena MacDonald: 64349421
,,,,,,Carrie Walker: 66794806
,,,,,,
1024,Tuesday Meeting,Hundred Acre Wood,01/12/2020 13:00:00,01/12/2020 13:05:00,05 min.,Elsa Duncan: 11630816
,,,,,,Sandy Grant: 12638001
,,,,,,Allan Johnstone: 20806981
,,,,,,Chloe Walker: 27584059
,,,,,,Fearne Cunningham: 47669629
,,,,,,Brooklyn Douglas: 50125210
,,,,,,Elena MacDonald: 64349421
,,,,,,Carrie Walker: 66794806
,,,,,,
1024,Tuesday Meeting,Hundred Acre Wood,01/12/2020 13:00:00,01/12/2020 13:05:00,05 min.,Elsa Duncan: 11630816
,,,,,,Sandy Grant: 12638001
,,,,,,Allan Johnstone: 20806981
,,,,,,Chloe Walker: 27584059
,,,,,,Fearne Cunningham: 47669629
,,,,,,Brooklyn Douglas: 50125210
,,,,,,Elena MacDonald: 64349421
,,,,,,Carrie Walker: 66794806
,,,,,,
1024,Tuesday Meeting,Hundred Acre Wood,01/12/2020 13:00:00,01/12/2020 13:05:00,05 min.,Elsa Duncan: 11630816
,,,,,,Sandy Grant: 12638001
,,,,,,Allan Johnstone: 20806981
,,,,,,Chloe Walker: 27584059
,,,,,,Fearne Cunningham: 47669629
,,,,,,Brooklyn Douglas: 50125210
,,,,,,Elena MacDonald: 64349421
,,,,,,Carrie Walker: 66794806
,,,,,,
1025,This is a character test limit to t,Hogwarts,01/12/2020 13:00:00,01/12/2020 13:10:00,10 min.,Elsa Duncan: 11630816
,,,,,,Luka Gibson: 31951484
,,,,,,Toby McLean: 82968199
,,,,,,Kirstie Wright: 99036434
,,,,,,
1025,This is a character test limit to t,Hogwarts,01/12/2020 13:00:00,01/12/2020 13:10:00,10 min.,Elsa Duncan: 11630816
,,,,,,Luka Gibson: 31951484
,,,,,,Toby McLean: 82968199
,,,,,,Kirstie Wright: 99036434
,,,,,,
1025,This is a character test limit to t,Hogwarts,01/12/2020 13:00:00,01/12/2020 13:10:00,10 min.,Elsa Duncan: 11630816
,,,,,,Luka Gibson: 31951484
,,,,,,Toby McLean: 82968199
,,,,,,Kirstie Wright: 99036434
,,,,,,
1025,This is a character test limit to t,Hogwarts,01/12/2020 13:00:00,01/12/2020 13:10:00,10 min.,Elsa Duncan: 11630816
,,,,,,Luka Gibson: 31951484
,,,,,,Toby McLean: 82968199
,,,,,,Kirstie Wright: 99036434
,,,,,,
1027,Test,Hogwarts,02/12/2020 17:34:43,02/12/2020 17:44:43,10 min.,Elsa Duncan: 11630816
,,,,,,Allan Johnstone: 20806981
,,,,,,Luka Gibson: 31951484
,,,,,,Natan Hamilton: 28875222
,,,,,,
1027,Test,Hogwarts,02/12/2020 17:34:43,02/12/2020 17:44:43,10 min.,Elsa Duncan: 11630816
,,,,,,Allan Johnstone: 20806981
,,,,,,Luka Gibson: 31951484
,,,,,,Natan Hamilton: 28875222
,,,,,,
1027,Test,Hogwarts,02/12/2020 17:34:43,02/12/2020 17:44:43,10 min.,Elsa Duncan: 11630816
,,,,,,Allan Johnstone: 20806981
,,,,,,Luka Gibson: 31951484
,,,,,,Natan Hamilton: 28875222
,,,,,,
1027,Test,Hogwarts,02/12/2020 17:34:43,02/12/2020 17:44:43,10 min.,Elsa Duncan: 11630816
,,,,,,Allan Johnstone: 20806981
,,,,,,Luka Gibson: 31951484
,,,,,,Natan Hamilton: 28875222
,,,,,,
1028,meeting 2day,Hogwarts,02/12/2020 18:16:50,02/12/2020 18:21:50,05 min.,Elsa Duncan: 11630816
,,,,,,Allan Johnstone: 20806981
,,,,,,Chloe Walker: 27584059
,,,,,,
1028,meeting 2day,Hogwarts,02/12/2020 18:16:50,02/12/2020 18:21:50,05 min.,Elsa Duncan: 11630816
,,,,,,Allan Johnstone: 20806981
,,,,,,Chloe Walker: 27584059
,,,,,,
1028,meeting 2day,Hogwarts,02/12/2020 18:16:50,02/12/2020 18:21:50,05 min.,Elsa Duncan: 11630816
,,,,,,Allan Johnstone: 20806981
,,,,,,Chloe Walker: 27584059
,,,,,,
1029,another one,Far Far Away,02/12/2020 18:18:46,02/12/2020 18:28:46,10 min.,Elsa Duncan: 11630816
,,,,,,Brooklyn Douglas: 50125210
,,,,,,Alice Sinclair: 58104704
,,,,,,Sandy Grant: 12638001
,,,,,,
1029,another one,Far Far Away,02/12/2020 18:18:46,02/12/2020 18:28:46,10 min.,Elsa Duncan: 11630816
,,,,,,Brooklyn Douglas: 50125210
,,,,,,Alice Sinclair: 58104704
,,,,,,Sandy Grant: 12638001
,,,,,,
1029,another one,Far Far Away,02/12/2020 18:18:46,02/12/2020 18:28:46,10 min.,Elsa Duncan: 11630816
,,,,,,Brooklyn Douglas: 50125210
,,,,,,Alice Sinclair: 58104704
,,,,,,Sandy Grant: 12638001
,,,,,,
1029,another one,Far Far Away,02/12/2020 18:18:46,02/12/2020 18:28:46,10 min.,Elsa Duncan: 11630816
,,,,,,Brooklyn Douglas: 50125210
,,,,,,Alice Sinclair: 58104704
,,,,,,Sandy Grant: 12638001
,,,,,,
1030,Test new room,Far Far Away,03/12/2020 13:00:00,03/12/2020 13:10:00,10 min.,Elsa Duncan: 11630816
,,,,,,Sandy Grant: 12638001
,,,,,,Allan Johnstone: 20806981
,,,,,,Chloe Walker: 27584059
,,,,,,Luka Gibson: 31951484
,,,,,,Natan Hamilton: 28875222
,,,,,,
1030,Test new room,Far Far Away,03/12/2020 13:00:00,03/12/2020 13:10:00,10 min.,Elsa Duncan: 11630816
,,,,,,Sandy Grant: 12638001
,,,,,,Allan Johnstone: 20806981
,,,,,,Chloe Walker: 27584059
,,,,,,Luka Gibson: 31951484
,,,,,,Natan Hamilton: 28875222
,,,,,,
1030,Test new room,Far Far Away,03/12/2020 13:00:00,03/12/2020 13:10:00,10 min.,Elsa Duncan: 11630816
,,,,,,Sandy Grant: 12638001
,,,,,,Allan Johnstone: 20806981
,,,,,,Chloe Walker: 27584059
,,,,,,Luka Gibson: 31951484
,,,,,,Natan Hamilton: 28875222
,,,,,,
1030,Test new room,Far Far Away,03/12/2020 13:00:00,03/12/2020 13:10:00,10 min.,Elsa Duncan: 11630816
,,,,,,Sandy Grant: 12638001
,,,,,,Allan Johnstone: 20806981
,,,,,,Chloe Walker: 27584059
,,,,,,Luka Gibson: 31951484
,,,,,,Natan Hamilton: 28875222
,,,,,,
1030,Test new room,Far Far Away,03/12/2020 13:00:00,03/12/2020 13:10:00,10 min.,Elsa Duncan: 11630816
,,,,,,Sandy Grant: 12638001
,,,,,,Allan Johnstone: 20806981
,,,,,,Chloe Walker: 27584059
,,,,,,Luka Gibson: 31951484
,,,,,,Natan Hamilton: 28875222
,,,,,,
1030,Test new room,Far Far Away,03/12/2020 13:00:00,03/12/2020 13:10:00,10 min.,Elsa Duncan: 11630816
,,,,,,Sandy Grant: 12638001
,,,,,,Allan Johnstone: 20806981
,,,,,,Chloe Walker: 27584059
,,,,,,Luka Gibson: 31951484
,,,,,,Natan Hamilton: 28875222
,,,,,,
1032,New Meeting,Hogwarts,05/12/2020 11:40:25,05/12/2020 12:05:25,25 min.,Elsa Duncan: 11630816
,,,,,,Luka Gibson: 31951484
,,,,,,Elsie Black: 38277039
,,,,,,Fearne Cunningham: 47669629
,,,,,,
1032,New Meeting,Hogwarts,05/12/2020 11:40:25,05/12/2020 12:05:25,25 min.,Elsa Duncan: 11630816
,,,,,,Luka Gibson: 31951484
,,,,,,Elsie Black: 38277039
,,,,,,Fearne Cunningham: 47669629
,,,,,,
1032,New Meeting,Hogwarts,05/12/2020 11:40:25,05/12/2020 12:05:25,25 min.,Elsa Duncan: 11630816
,,,,,,Luka Gibson: 31951484
,,,,,,Elsie Black: 38277039
,,,,,,Fearne Cunningham: 47669629
,,,,,,
1032,New Meeting,Hogwarts,05/12/2020 11:40:25,05/12/2020 12:05:25,25 min.,Elsa Duncan: 11630816
,,,,,,Luka Gibson: 31951484
,,,,,,Elsie Black: 38277039
,,,,,,Fearne Cunningham: 47669629
,,,,,,
1033,Allan's Meeting,Far Far Away,09/12/2020 18:56:17,09/12/2020 19:06:17,10 min.,Allan Johnstone: 20806981
,,,,,,Elsa Duncan: 11630816
,,,,,,Sandy Grant: 12638001
,,,,,,Chloe Walker: 27584059
,,,,,,Luka Gibson: 31951484
,,,,,,Natan Hamilton: 28875222
,,,,,,
1033,Allan's Meeting,Far Far Away,09/12/2020 18:56:17,09/12/2020 19:06:17,10 min.,Allan Johnstone: 20806981
,,,,,,Elsa Duncan: 11630816
,,,,,,Sandy Grant: 12638001
,,,,,,Chloe Walker: 27584059
,,,,,,Luka Gibson: 31951484
,,,,,,Natan Hamilton: 28875222
,,,,,,
1033,Allan's Meeting,Far Far Away,09/12/2020 18:56:17,09/12/2020 19:06:17,10 min.,Allan Johnstone: 20806981
,,,,,,Elsa Duncan: 11630816
,,,,,,Sandy Grant: 12638001
,,,,,,Chloe Walker: 27584059
,,,,,,Luka Gibson: 31951484
,,,,,,Natan Hamilton: 28875222
,,,,,,
1033,Allan's Meeting,Far Far Away,09/12/2020 18:56:17,09/12/2020 19:06:17,10 min.,Allan Johnstone: 20806981
,,,,,,Elsa Duncan: 11630816
,,,,,,Sandy Grant: 12638001
,,,,,,Chloe Walker: 27584059
,,,,,,Luka Gibson: 31951484
,,,,,,Natan Hamilton: 28875222
,,,,,,
1033,Allan's Meeting,Far Far Away,09/12/2020 18:56:17,09/12/2020 19:06:17,10 min.,Allan Johnstone: 20806981
,,,,,,Elsa Duncan: 11630816
,,,,,,Sandy Grant: 12638001
,,,,,,Chloe Walker: 27584059
,,,,,,Luka Gibson: 31951484
,,,,,,Natan Hamilton: 28875222
,,,,,,
1033,Allan's Meeting,Far Far Away,09/12/2020 18:56:17,09/12/2020 19:06:17,10 min.,Allan Johnstone: 20806981
,,,,,,Elsa Duncan: 11630816
,,,,,,Sandy Grant: 12638001
,,,,,,Chloe Walker: 27584059
,,,,,,Luka Gibson: 31951484
,,,,,,Natan Hamilton: 28875222
,,,,,,
1034,Sandy Meeting,Hogwarts,09/12/2020 18:59:16,09/12/2020 19:04:16,05 min.,Sandy Grant: 12638001
,,,,,,Fearne Cunningham: 47669629
,,,,,,Brooklyn Douglas: 50125210
,,,,,,
1034,Sandy Meeting,Hogwarts,09/12/2020 18:59:16,09/12/2020 19:04:16,05 min.,Sandy Grant: 12638001
,,,,,,Fearne Cunningham: 47669629
,,,,,,Brooklyn Douglas: 50125210
,,,,,,
1034,Sandy Meeting,Hogwarts,09/12/2020 18:59:16,09/12/2020 19:04:16,05 min.,Sandy Grant: 12638001
,,,,,,Fearne Cunningham: 47669629
,,,,,,Brooklyn Douglas: 50125210
,,,,,,
